<!--
      MasterMerchant UI Layout File
      Last Updated September 15, 2014
      Written July 2014 by Dan Stone (@khaibit) - dankitymao@gmail.com
      Extended February 2015 by Chris Lasswell (@Philgo68) - Philgo68@gmail.com
      Released under terms in license accompanying this file.
      Distribution without license is prohibited!
-->
<GuiXml>
  <Controls>
    
    <Backdrop name="MasterMerchantPrice" inherits="ZO_EditBackdrop" virtual="true">
        <Dimensions x="88" y="25" />
        <Controls>
            <EditBox name="$(parent)Box" font="ZoFontWinT1" textType="NUMERIC_UNSIGNED_INT" inherits="ZO_DefaultEditForBackdrop">
                <Anchor point="TOPLEFT" offsetX="2" offsetY="2" />
                <Anchor point="BOTTOMRIGHT" />
            </EditBox>
        </Controls>
    </Backdrop>
    
    <Control name="MasterMerchantGraph" virtual="true" hidden="true" >
      <Dimensions x="372" y="150"/>
      <Controls>
        <Texture name="$(parent)Grid" textureFile="MasterMerchant/mm_chart_grid.dds" alpha=".2" />
        <Texture name="$(parent)Marker" textureFile="MasterMerchant/mm_chart_marker.dds" alpha=".2" />
      </Controls>
    </Control>
    <Label name="MMGraphLabel" virtual="true" font="ZoFontGame" linkEnabled="true" mouseEnabled="true" color="INTERFACE_COLOR_TYPE_TEXT_COLORS:INTERFACE_TEXT_COLOR_NORMAL" text="XXX">
      <OnLinkMouseUp>
        ZO_LinkHandler_OnLinkMouseUp(linkText, button, self)
      </OnLinkMouseUp>      
    </Label>
    
    <TopLevelControl name="MM_ExtraBackground" allowBringToTop="false" virtual="true">
      <Dimensions x="290" y="750" />
      <Controls>
        <Texture name="$(parent)ImageLeft" textureFile="EsoUI/Art/Miscellaneous/centerscreen_left.dds" mouseEnabled="true">
          <Dimensions x="420" y="1024" />
          <Anchor point="TOPLEFT" offsetX="-65" offsetY="-115" />
        </Texture>
        <Texture name="$(parent)ImageRight" textureFile="EsoUI/Art/Miscellaneous/centerscreen_right.dds" mouseEnabled="true">
          <Dimensions x="64" y="1024" />
          <Anchor point="TOPLEFT" relativeTo="$(parent)ImageLeft" relativePoint="TOPRIGHT" />
        </Texture>
      </Controls>
    </TopLevelControl>

    <Control name="MasterMerchantPriceCalc" virtual="true" hidden="true" tier="high">
      <Dimensions x="170" y="95" />
      <Controls>
        <Backdrop name="$(parent)BG" inherits="ZO_DefaultBackdrop" />
        <Texture name="$(parent)Coin" textureFile="EsoUI/Art/currency/currency_gold.dds">
          <Dimensions x="16" y="16" />
          <Anchor point="TOPRIGHT" relativeTo="$(parent)" relativePoint="TOPRIGHT" offsetX="0" offsetY="8" />
        </Texture>
        <Backdrop name="$(parent)UnitCost" inherits="ZO_EditBackdrop">
          <Anchor point="RIGHT" relativeTo="$(parent)Coin" relativePoint="LEFT" offsetX="-3" /> 
          <Dimensions x="150" y="25" />
          <Controls>
            <EditBox name="$(parent)Amount" inherits="ZO_DefaultEditForBackdrop" textType="NUMERIC">
              <OnEnter>
                MasterMerchant:updateCalc()
                self:LoseFocus()
              </OnEnter>
            </EditBox>
          </Controls>
        </Backdrop>        
        <Label name="$(parent)Stack" font="ZoFontGame" color="INTERFACE_COLOR_TYPE_TEXT_COLORS:INTERFACE_TEXT_COLOR_NORMAL" text="x 10">
          <Anchor point="TOPRIGHT" relativeTo="$(parent)" relativePoint="TOPRIGHT" offsetX="-4" offsetY="34" />
        </Label>
        <Label name="$(parent)Total" font="ZoFontGame" color="INTERFACE_COLOR_TYPE_TEXT_COLORS:INTERFACE_TEXT_COLOR_NORMAL" text="Total: 9,000 |t16:16:EsoUI/Art/currency/currency_gold.dds|t">
          <Anchor point="TOPRIGHT" relativeTo="$(parent)" relativePoint="TOPRIGHT" offsetX="-4" offsetY="66" />
        </Label>        
      </Controls>
    </Control>
    
    <!-- Stats Window -->
    <TopLevelControl movable="true" mouseEnabled="true" name="MasterMerchantStatsWindow" hidden="true">
      <Dimensions x="550" y="225" />
      <OnMoveStop>
        MasterMerchant:OnWindowMoveStop(self)
      </OnMoveStop>
      <Controls>
        <Backdrop name="$(parent)BG" inherits="ZO_DefaultBackdrop" />
        <Label name="$(parent)Title" height="25" width="95" inheritAlpha="true" color="D5B526" verticalAlignment="CENTER" horizontalAlignment="CENTER" text="MasterMerchant Sales Statistics">
          <Anchor point="TOP" relativeTo="$(parent)" relativePoint="TOP" offsetX="0" offsetY="5" />
        </Label>
        <Button name="$(parent)CloseButton" inheritAlpha="true" verticalAlignment="CENTER" horizontalAlignment="CENTER">
          <Anchor point="CENTER" relativeTo="$(parent)" relativePoint="TOPRIGHT" offsetX="-20" offsetY="20" />
          <Dimensions x="48" y="48" />
          <Textures normal="/esoui/art/hud/radialicon_cancel_up.dds" mouseOver="/esoui/art/hud/radialicon_cancel_over.dds" />
          <OnClicked>
            MasterMerchantStatsWindow:SetHidden(true)
          </OnClicked>
        </Button>
        <Label name="$(parent)GuildChooserLabel" height="25" width="50" inheritAlpha="true" color="FFFFFF" verticalAlignment="CENTER" horizontalAlignment="LEFT" text="Guild: ">
          <Anchor point="TOP" relativeTo="$(parent)" relativePoint="TOP" offsetX="-135" offsetY="55" />
        </Label>
        <Label name="$(parent)ItemsSoldLabel" height="25" width="95" inheritAlpha="true" color="FFFFFF" verticalAlignment="CENTER" horizontalAlignment="LEFT" text="Items sold: 0">
          <Anchor point="TOP" relativeTo="$(parent)" relativePoint="TOP" offsetX="0" offsetY="85" />
        </Label>
        <Label name="$(parent)TotalGoldLabel" height="25" width="95" inheritAlpha="true" color="FFFFFF" verticalAlignment="CENTER" horizontalAlignment="LEFT" text="Total gold: 0 (0 per day)">
          <Anchor point="TOP" relativeTo="$(parent)" relativePoint="TOP" offsetX="0" offsetY="110" />
        </Label>
        <Label name="$(parent)BiggestSaleLabel" height="25" width="95" inheritAlpha="true" color="FFFFFF" verticalAlignment="CENTER" horizontalAlignment="CENTER" text="Biggest sale: (0)">
          <Anchor point="TOP" relativeTo="$(parent)" relativePoint="TOP" offsetX="0" offsetY="135" />
        </Label>
        <Label name="$(parent)SliderSettingLabel" height="25" width="95" inheritAlpha="true" color="FFFFFF" verticalAlignment="CENTER" horizontalAlignment="CENTER" text="Using all data">
          <Anchor point="TOP" relativeTo="$(parent)" relativePoint="TOP" offsetX="0" offsetY="165" />
        </Label>
        <Slider name="$(parent)Slider" mouseEnabled="true" step="1" orientation="horizontal">
          <Anchor point="BOTTOM" relativeTo="$(parent)" relativePoint="BOTTOM" offsetX="25" offsetY="-15" />
          <ThumbTexture textureFile="/esoui/art/miscellaneous/scrollbox_elevator.dds" disabledTextureFile="/esoui/art/miscellaneous/scrollbox_elevator.dds" highlightedTextureFile="/esoui/art/miscellaneous/scrollbox_elevator.dds" thumbWidth="8" thumbHeight="16" left="0" top="0" bottom="1" right="1" />
          <Dimensions x="400" y="14" />
          <Limits min="1" max="100" />
          <OnValueChanged>
            MasterMerchant.OnStatsSliderMoved()
          </OnValueChanged>
          <Controls>
            <Backdrop name="$(parent)Backdrop" centerColor="000000">
              <Edge file="/EsoUI/Art/Tooltips/UI-SliderBackdrop.dds" edgeFileWidth="32" edgeFileHeight="4" />
              <Anchor point="TOPLEFT" relativeTo="$(parent)" relativePoint="TOPLEFT" offsetX="0" offsetY="4" />
              <Anchor point="BOTTOMRIGHT" relativeTo="$(parent)" relativePoint="BOTTOMRIGHT" offsetX="0" offsetY="-4" />
            </Backdrop>
          </Controls>
        </Slider>
        <Label name="$(parent)SliderLabel" height="25" width="50" inheritAlpha="true" color="FFFFFF" verticalAlignment="CENTER" horizontalAlignment="RIGHT" text="Days: ">
          <Anchor point="RIGHT" relativeTo="$(parent)Slider" relativePoint="LEFT" offsetX="-15" offsetY="-2" />
        </Label>        
      </Controls>
    </TopLevelControl>

    <!-- Guild filter for stats window (virtual) -->
    <Control name="MasterMerchantStatsGuildDropdown" inherits="ZO_ComboBox" virtual="true">
			<OnInitialized>
			  ZO_ComboBox:New(self)
      </OnInitialized>
    </Control>

    <!-- Spinning loading icon for during scans (virtual) -->
    <Control name="MasterMerchantLoading" hidden="true" virtual="true">
		  <Controls>
			  <Texture name="$(parent)LoadingIcon" textureFile="EsoUI/Art/Miscellaneous/wait_icon.dds" layer="OVERLAY">
				  <Anchor point="BOTTOM" relativeTo="$(parent)" relativePoint="BOTTOM" offsetX="0" offsetY="-5" />
					<Dimensions x="32" y="32" />
				</Texture>
			</Controls>
		</Control>

    <!-- About Box -->
    <TopLevelControl movable="true" mouseEnabled="true" name="MasterMerchantFeedback" hidden="true">
      <Dimensions x="545" y="225" />
      <OnMoveStop>
        MasterMerchant:OnWindowMoveStop(self)
      </OnMoveStop>
      <Controls>
        <Backdrop name="$(parent)BG" inherits="ZO_DefaultBackdrop" />
        <Label name="$(parent)Title" height="25" width="95" inheritAlpha="true" color="D5B526" verticalAlignment="CENTER" horizontalAlignment="CENTER" text="Master Merchant">
          <Anchor point="TOP" relativeTo="$(parent)" relativePoint="TOP" offsetX="0" offsetY="5" />
        </Label>
        <Button name="$(parent)CloseButton" inheritAlpha="true" verticalAlignment="CENTER" horizontalAlignment="CENTER">
          <Anchor point="CENTER" relativeTo="$(parent)" relativePoint="TOPRIGHT" offsetX="-20" offsetY="20" />
          <Dimensions x="48" y="48" />
          <Textures normal="/esoui/art/hud/radialicon_cancel_up.dds" mouseOver="/esoui/art/hud/radialicon_cancel_over.dds" />
          <OnClicked>
            MasterMerchantFeedback:SetHidden(true)
          </OnClicked>
        </Button>
        <Label name="$(parent)Note" color="FFFFFF">
          <Dimensions x="525" y="200" />
          <Anchor point="TOPLEFT" relativeTo="$(parent)" relativePoint="TOPLEFT" offsetX="10" offsetY="50" />
        </Label>
        <Button name="$(parent)Feedback" inherits="ZO_DefaultButton" text="Send Note">
          <Anchor point="BOTTOMLEFT" relativeTo="$(parent)" relativePoint="BOTTOMLEFT" offsetX="5" offsetY="-5" />
          <Dimensions x="130" />
          <OnClicked>
            MasterMerchant:SendNote(0)
          </OnClicked>
        </Button>
        <Button name="$(parent)Small" inherits="ZO_DefaultButton" text="Send 5000">
          <Anchor point="BOTTOMLEFT" relativeTo="$(parent)Feedback" relativePoint="BOTTOMRIGHT" offsetX="5" offsetY="0" />
          <Dimensions x="130" />
          <OnClicked>
            MasterMerchant:SendNote(5000)
          </OnClicked>
        </Button>
        <Button name="$(parent)Large" inherits="ZO_DefaultButton" text="Send 50000">
          <Anchor point="BOTTOMRIGHT" relativeTo="$(parent)" relativePoint="BOTTOMRIGHT" offsetX="-5" offsetY="-5" />
          <Dimensions x="130" />
          <OnClicked>
            MasterMerchant:SendNote(50000)
          </OnClicked>
        </Button>
        <Button name="$(parent)Medium" inherits="ZO_DefaultButton" text="Send 15000">
          <Anchor point="BOTTOMRIGHT" relativeTo="$(parent)Large" relativePoint="BOTTOMLEFT" offsetX="-5" offsetY="0" />
          <Dimensions x="130" />
          <OnClicked>
            MasterMerchant:SendNote(15000)
          </OnClicked>
        </Button>
      </Controls>
    </TopLevelControl>
    
  </Controls>
</GuiXml>