<GuiXml>
  <Controls>
    <TopLevelControl movable="true" mouseEnabled="true" name="LibQRCodeWindow" hidden="true">
      <Anchor point="CENTER" relativeTo="GuiRoot" relativePoint="CENTER" offsetY="-30" />
      <Dimensions x="120" y="130" />
      <OnMoveStop>
      </OnMoveStop>
      <OnShow>
        SetGameCameraUIMode(true)
      </OnShow>
      <Controls>
        <Texture name="$(parent)Background" color="FFFFFF" alpha="0.95">
          <AnchorFill />
        </Texture>
        <Button name="$(parent)CloseButton" inheritAlpha="true" verticalAlignment="CENTER" horizontalAlignment="CENTER">
          <Anchor point="TOPRIGHT" relativeTo="$(parent)" relativePoint="TOPRIGHT" offsetX="0" offsetY="0" />
          <Dimensions x="24" y="24" />
          <Textures normal="/esoui/art/hud/radialicon_cancel_up.dds" mouseOver="/esoui/art/hud/radialicon_cancel_over.dds" />
          <OnClicked>
            LibQRCodeWindow:SetHidden(true)
          </OnClicked>
        </Button>
      </Controls>
    </TopLevelControl>
    <Texture name="LibQRCodeDot" virtual="true">
      <AnchorFill />
    </Texture>    
  </Controls>
</GuiXml>